SampleID,Pheno1,Age,Var1,Gender,geno1,geno2,geno3,geno4
NA06985,58.6923101992,53,48.01043142060001,2,0,2,2,2
NA06993,64.8981628053,47,23.7615117523,1,0,1,1,0
NA06994,129.562482664,48,20.2946857226,1,2,1,1,1
NA07000,140.08768538,59,41.2432716948,2,0,2,2,2
NA07022,76.6385713452,59,37.676423037199996,1,1,2,1,0
NA07034,111.82300703700001,54,26.8329186458,1,0,0,1,2
NA07055,122.923942629,49,22.517498354,2,2,2,2,2
NA07056,93.051768446,58,36.650088259099995,2,2,0,2,2
NA07345,119.926936003,51,17.638884560999998,2,2,1,2,2
NA07357,123.495982821,51,-2.85910695421,1,0,2,2,1
NA11829,149.21597575,49,16.5845333023,1,2,1,0,2
NA11830,63.050247140699994,50,17.77565719,2,0,0,2,1
NA11831,117.029364586,57,19.0038020736,1,1,0,0,2
NA11832,56.5910060792,59,45.718572825200006,2,0,1,2,0
NA11839,112.09905860299999,58,33.542403295,1,2,0,2,2
NA11840,130.747076909,48,49.557114204099996,2,1,1,0,0
NA11881,69.0246868095,46,12.3907965618,1,0,2,1,2
NA11882,98.7699633859,54,46.0908847552,2,1,2,0,0
NA11992,72.2759874424,46,26.915171089,1,0,0,1,0
NA11993,89.7671077441,46,20.2485105211,2,1,2,0,1
NA11994,116.742580242,49,27.068498510300003,1,2,2,1,2
NA11995,80.2074455991,49,15.918270263399998,2,0,0,1,0
NA12003,115.53945803,54,32.6411965786,1,0,1,2,1
NA12004,144.430451464,57,14.7312818894,2,1,2,2,1
NA12005,65.40330123470001,49,35.755653465500004,1,2,1,1,0
NA12006,77.95277863449999,45,30.6958351729,2,1,2,1,0
NA12043,82.0898495997,47,24.0959637629,1,2,1,0,0
NA12044,63.898781586400005,58,21.5058414208,2,2,2,0,0
NA12056,125.48142543899999,57,27.860498776,1,1,1,0,0
NA12057,91.2613326574,54,31.337661418000003,2,0,0,2,2
NA12144,133.461939304,45,52.5790916058,1,0,0,2,1
NA12145,119.070616789,51,46.671138757799994,2,0,1,1,1
NA12146,20.091095454,54,31.967718738200002,1,2,2,2,2
NA12154,118.398307659,55,12.7263415253,1,1,2,0,2
NA12155,244.47157996099997,50,42.9231676336,1,2,2,1,1
NA12156,82.8729155299,47,28.994592296599997,2,0,0,2,0
NA12234,60.1006869512,52,6.358053668280001,2,2,2,0,2
NA12236,168.62946672799998,51,40.2970404832,2,0,0,1,0
NA12239,97.2235720682,46,22.578016904600002,2,1,0,2,1
NA12248,114.248406979,45,33.8024280452,1,0,2,0,0
NA12249,118.66305121299999,48,23.4451210908,2,0,1,1,0
NA12264,102.262915929,56,27.3200706343,1,0,2,1,1
NA12716,76.85477391399999,48,34.3062562098,1,0,0,0,0
NA12717,86.5871107251,53,45.5961362291,2,1,2,2,1
NA12750,120.937331324,49,38.7545359002,1,2,1,2,0
NA12751,86.2296336601,56,4.67348130535,2,2,1,2,1
NA12760,66.6948317367,49,46.588593701899995,1,0,0,0,0
NA12761,139.33238738,46,19.1644058895,2,1,0,1,0
NA12762,104.809162299,52,36.1546908265,1,2,1,2,1
NA12763,101.692825725,56,2.40918875959,2,1,2,2,2
NA12812,78.10223908430001,47,47.951667094899996,1,0,1,0,2
NA12813,90.8453965433,53,20.2431505194,2,1,2,2,0
NA12814,70.3089867505,55,14.9343492455,1,2,2,2,1
NA12815,105.93526022799999,48,50.2351290096,2,1,2,2,1
NA12872,87.0094106159,55,26.5207847823,1,2,2,1,2
NA12873,87.537681904,47,59.195724364200004,2,1,1,1,1
NA12874,74.1977003144,48,37.1198153983,1,0,1,2,1
NA12875,50.3025144256,57,32.7544216296,2,1,1,1,1
NA12891,84.6921205455,50,29.4859905398,1,0,0,1,1
NA12892,71.3779114691,56,28.1272028367,2,0,0,1,0
